answer_count,articles_count,follower_count,headline,id,name,url_token
0,0,0,Python ,3efbb88870f1ce1b967b7e54b6f275f9,Just-blue,Just_blue
167,34,15102,微信公众号:Python之禅,ba286d02fd9701a446d68ba85d0755c0,刘志军,zhijun-liu
733,12,59950,喜欢写代码的老师,d127d540d194cf37387ebd4ea250ff6a,金旭亮,jin-xu-liang
404,792,79263,"高品质数字生活消费指南，网站：<a href=""https://link.zhihu.com/?target=http%3A//sspai.com"" class="" external"" target=""_blank"" rel=""nofollow noreferrer""><span class=""invisible"">http://</span><span class=""visible"">sspai.com</span><span class=""invisible""></span></a>、公众号：sspaime",e3c85e95321538c49d13852df5abdb01,少数派,shao-shu-pai-46
108,502,13957,有态度的游戏媒体。微信公众号：网易爱玩,fec768e46a8aa4999fd73ecf488d2402,网易爱玩,ai-wan-app
57,51,26532,"<a href=""https://zhuanlan.zhihu.com/p/33611869"" class=""internal""><span class=""invisible"">https://</span><span class=""visible"">zhuanlan.zhihu.com/p/33</span><span class=""invisible"">611869</span><span class=""ellipsis""></span></a>",6d23d8e16eb481e548032719bb5898a4,董伟明,dongweiming
303,157,218490,"喜欢用数据讲故事
微信公众号：一个程序员的日常",eaf435b228ce0b038a4afe8203f59b49,路人甲,sgai
64,47,10569,汽车工程师,36f2f399ce7ef661ad56b4cb1a4133f9,许良,richard1989
9,0,14371,区块链黑客,abe47a6e75ba8326b994c9cc8aefd619,汪乐-LaiW3n,wang-le-1993
170,51,15742,普及数据分析，机器学习，人工智能的知识,c9b28ce4b50bf0444d17d010224cb06f,猴子,houzichedan
4831,17,17843,春暖花开，知乎有你，滴-,561c78382be455f312b350d2bfd550bb,萝魏紫,luo-wei-zi
373,3,6913,区块链创业公司CTO。长期招聘程序员,5ecd83700b3830115d5b8f0f09f9390f,钢的琴,gang-de-qin-59
164,1,284,努力做一个友善的人,3b55682c767899b4e75440cde8d32635,隔热城市,wang-pang-zi-52-1
2188,37,35865,互联网研发老兵，《深入浅出React和Redux》作者,29448cc28212a543bea56b9492f82e25,程墨Morgan,morgancheng
62,0,1548,数据工程师,c78b40cca022eb1cc4b814f5866f3c7c,罗伊,luo-yi-28-86
105,1,6254,EE博士生，UIUC,cf493f96a54b530af7871b7914415f2a,Bihan Wen,bihan-wen
1,16,2872,,6fdb99ba84362083d16b0e10e91f7d7a,今日头条技术团队,jin-ri-tou-tiao-ji-zhu-tuan-dui
11,4,2750,职业汽车产品规划—专业、实用的产品&amp;市场解读,08192ecfd4ac45c099eb4e212f0dec11,嘉名,chao-chao-70-57
55,46,16075,公众号：拾书小记（ID：shishuxiaoji），专注数字阅读,2d51b1f17f5f1baf4a97021eaf14cb86,直树桑,Jesusang
94,0,14044,海外创业人士，游戏迷,eb283d682b6331c84a636adcb646b9c3,liu leon,liu-leon-36
10,44,2702,,e8c3210d72f2183b4b303fc0a69599f4,王梦宇,wangmengyuinzhihu
7,1,1054,平面设计 / UI 设计 / 字体排印,72c9f9ec71587f54da8c8185b09e584a,Ryan Lau,liu-yu-hui-56
177,0,220,公众号：老杜还在,1fddb4734fe9e8ac64e97d61a2911747,老杜还在,metaldudu
934,48,17331,"JSBox/Pin/小历等应用的开发者 <a href=""https://link.zhihu.com/?target=http%3A//t.cn/RRVhJV3"" class="" external"" target=""_blank"" rel=""nofollow noreferrer""><span class=""invisible"">http://</span><span class=""visible"">t.cn/RRVhJV3</span><span class=""invisible""></span></a>",1102b80f40b8c58df1697942f05b5f81,钟颖Cyan,ios_dev
646,85,14240,一站式区块货币解决方案，从挖矿套利到企业链整合,4a82718ab6b35379417aaa66c79e5eaa,baskice,baskice
23,414,19126,以「未来」为核心的科幻文化品牌，公众号「不存在」：non-exist-FAA。,d227e7a1d00971221b641184022a1729,未来事务管理局,wei-lai-shi-wu-guan-li-ju
279,10,29625,VR游戏开发制作,2232b608ddaf789c9a58c1b3221ad371,GOUKI,GOUKI9999
13,0,139,表达与认同,a9eb4a19d44915cd7f8a3f0adeaf29ac,蒋童,absinthejt
0,0,80,民科、民经、民哲、民工、码农,4887b03e6b4cdf611f5df78c66e3743f,金志卿,jin-zhi-qing
0,0,5,,59e84f6e610231397b35ca3527620f02,黑黑黑格尔,wu-yue-67-35
1,1,2,水蜜桃爱好者,7e30e492442fe143f110b81f0805b9f6,桃之腰腰,ma-yuan-yuan-46-30
18,0,1063,"<a href=""https://link.zhihu.com/?target=http%3A//www.lining0806.com/"" class="" external"" target=""_blank"" rel=""nofollow noreferrer""><span class=""invisible"">http://www.</span><span class=""visible"">lining0806.com/</span><span class=""invisible""></span></a>",95b5a74d231d76ff5df6ce739c3ee885,fireling,fireling
111,0,48783,Engineer,975968a0b7ffaebd0fafdab8332d034b,Kevin Tong,kevin-tong
214,15,140248,知乎英语话题最高赞答主，关注我英语会变厉害噢,b5ee89040cd29553b52b25403b266935,尼克六六,ni-ke-liu-liu
813,60,99668,天体物理学博士生,6b7dbb134d288e0bfb96690f057592b4,刘博洋,spto
126,97,145707,有什么不懂的你尽管吻我,aeb3973fe52774c84f40361c4f3e98a8,青雀,GreenFinch
80,3,24160,我愿给你以光。,c9374d85b7a3a73e239b003de0cc0c0d,Kiwi,kiwiiii
1356,73,686263,电影爱好者,946100dd40f5cf54c41bdd59ad4f0d87,张小北,zhang-xiao-bei
14,56,43669,公众号不会告诉你，因为你笨,26c245e19ec6653b5f882cba491ded75,lxghost,lxghost
264,15,75944,公众号：summer-clover,04f671902859b5d2452cc968e96f992e,Summer Clover,summer-clover
157,55,511273,写干货，写对别人有切实帮助的东西。,d366cd9b6ece8d5140532dd5a91fea6d,Jennyyy,thejennyyy
4,0,7,滴滴滴,7378afdc36ffa8d2b32d9ae337c5eb89,萌什么的,meng-shi-yao-de
7,4,6,数据学徒,e542effba7a06e80d9474edab8f0f2fe,TOM崔,cui-wei-gang-64
52,9,1812,鹅厂头牌饮水机管理员,363249fea700145fb16a6e2292d9683b,SCP-173,xiao-kai-wen-30
7,0,361,sensetime researcher,5a5edfbdd54fafad9877b3a8d8129a08,武伟,kimwu-48
321,39,22731,很帅，敞篷和GL8,cc0176d7adfc2742eae9918f85a3e6ac,默默,dickiesgao
68,2,55875,血管里淌汽油；生活的主要内容是六个轮子；,5a15837c7177d0f06c9ac33a4a265644,Sea,cranks
739,145,116612,虚晃一枪。,ce818bf23f05445cfdf62f79075a6077,周筠,yeka
74,0,676,前美食创业者，现美食投资人,2a7baa01302a5753ba81bbc9c379b6a8,subdragon,subdragon
68,10,2678,肥鹅签证联合创始人,a4a14622de01a6005f647d4320c69c38,朱峰,zhufengme
0,0,1,,fd83be96c0cd30de2971a0d7b85c63a5,juke,juke-27
1,0,2168,知乎产品,e72207d9edc4f04c5aba1c740d976adc,孙妍,sun-yan-2017
0,0,208,,86a234d8fc167242e361381942f4ed3d,朵朵落,snowtotoro
1,0,2,金融,34f4a7d8a1c94d8dcd4b5c4674a178f5,吕涛,lu-tao-75-13
0,1,9,私募投资经理,3f51857e5e1b3ac0bced9d6a75ee242c,立昂陈,li-ang-chen-62
20,3,21,研究生 机器人  学渣一个,b0b2e046a92f678163c78a0ea75e003e,尚应志,shang-ying-zhi-30
220,2,819,业余方程式车手，专业修车工,fe29cf91f385a8b40547dbd73f5e0798,圣安东尼奥小石匠,mac-zhang-80
59,12,5847,我是来学习的,ff35b3b1adf44b11a8352a92b3b0d727,史高拔,shi-gao-ba
325,201,11996,公众号:篮外空心,2335fbee0caf07871e4f049582176aef,潘志立,pan-zhi-li-3
134,1,5072,一介码农，之前卖广告，现在卖书,e55088909a12d5a0f441ef8d902f9faa,lobatt,lobatt
38,0,1941,,872a511ca6d49e849f0e64b3cdfb0513,风间,richard.li
10,2,2367,Google资深工程师/无人驾驶车专家,8fbae5647021ec9adb81f75816b08d0f,孙老师RickSun,sun-lao-shi-ricksun
179,60,7728,提供更科学的「品牌策略思考」,c46865e65749511815cd11ce061180e9,李怡,lyhelloworld
135,52,225821,我们科学家有话说,da971e1f564d733611f6a9a51930c4aa,中国科普博览,zhong-guo-ke-pu-bo-lan
75,6,6306,修改标点格式爱好者。招运营。,155d6e41d37d5085b95e03ad8ca584d7,孙达云,sundayun
4,0,3,只要有信心，人永远不会被挫败！~,c799427f83c3dee84d927831cd11ab4f,sonny,dsl200970
0,0,3,,33d290d68013d62d498246862db97781,Refain,refain-85
0,0,2,数据分析,89036e9ddae8bc703884ecf29bfeb31c,Sunshine,zhuan-yan-yisheng-63
77,27,92968,微博：Boyka同学,35b519a1c8b12c8ce7358afe6294aeb7,Boyka,Boyka2016
41,30,43345,专注科研19年，盛产黑科技,27b8390344b45c7289032f3218ced120,微软亚洲研究院,wei-ruan-ya-zhou-yan-jiu-yuan
87,8,28206,"CS PhD, 机器学习与计算机视觉",f5911fddc7fa5fd74a80d5ce2c12e1a2,Naiyan Wang,naiyan-wang
340,85,16413,成长于汽车行业的国际物流露宿者,5b41ff1009be0944453cec8b1d8c5a68,邓较瘦,jiu-rou-he-shang-27
8,21,4148,计算机视觉／图像处理／深度学习,fd0d028ac3ff295e1a9c9df21db777f2,YaqiLYU,YaqiLYU
18,0,428,汽车爱好者,55763e1cf8952036bef8469fba254837,fan,fantasy222
19,62,21197,创投观察员，记录互联网,6d85573c0073c2074d7b1f6a997b3948,闫浩,yan-hao-74
8,41,32951,知乎 Live：演示的窍门,46508e80ba20dc8426b69e48bb5fbad0,蔡振原,cai-zhen-yuan-40
60,11,2753,愿风指引你的道路，愿你的刀刃永远锋利。,a0f78ed7fc4fdbf529895f79cb9486b5,袁滚滚,wennyyuan
12,0,3936,纯文字恐惧症患者,55893732b52b7fd0bb2ec4c1d8d4ebb8,璞石,pushippt
18,0,2966,"<a href=""https://link.zhihu.com/?target=http%3A//uqer.io"" class="" external"" target=""_blank"" rel=""nofollow noreferrer""><span class=""invisible"">http://</span><span class=""visible"">uqer.io</span><span class=""invisible""></span></a> 优矿网 投资界uber",4b874959334bb147251aeca5f1bf12e1,薛昆Kelvin,kelvin-xue-60
81,24,14785,"quant,业余德扑玩家",d4a74f44e91854592356406a37a5f090,Edward.Fu,edward-fu-91
5,0,405,"Options Quant, Programmer",aaa49337291e62f50957f1ef6e3f27c0,伽马交易员,cboe
198,23,3905,线上教学/科学发声/播音主持,7e77d4dc65c8a758f840b1c650bfcd17,自渡鹏鹏,npp5211556
114,59,33819,vn.py作者,3538c663bcd2356726fa2995c855e24e,用Python的交易员,traderusingpython
21,103,3148,公众号：马志峰的编程笔记,4ba968ea5e18d6bf9f3282281c738992,马志峰,woniu02141
3,0,291,"UCSD Ph.D., 视觉+认知科学",9d92b23eb1228ab779bc6d01c9c18e35,王泮渠,wang-pan-qu
3,0,958,,1637e8b71b716f2af780104fb45c1293,flyforlight,flyforlight
10,71,1334,我们申请了专门的知乎机构账户，之前的个人号将停用。,d48f4d1e5196979ac087e40159651673,将门创投,jiang-men-chuang-tou
61,7,3012,汽车销售/汽车模具相关/设计/数控编程,0b7df5d0aa468c5d90c9fefcb4bb1d07,兔子的寒冷年华,zhuhua_chengdu
1099,52,1363,生产现场管理人员,7de2923b2adef8740b6119819018c294,刘南飞,crixthegreat
7,0,34,文艺地聊聊车,fd77de34d6d079de8a0dde293ebd4be4,浅行人,li-wen-hui-43-59
192,4,3087,人间大炮，一级准备！,e3d4508fa9acb0f80da02375e8840a9d,cartiwu,zhangxiaoo
410,24,40118,"ConceptArt,GameDesign,摄影,传道者。",e9516dbf455ec535ff61c9395a49c4da,来须苍真,lai-xu-cang-zhen
60,0,8816,电影艺术指导和设计师，新浪微博@徐天华ThX ,70366bd6caaf4c6c3c9be46bec101fa0,徐天华,tianhuax
4,0,10128,历史科幻发烧友,f478056afeb27095a2a46908216b6e68,杨超,yang-chao-50-49
423,14,117019,值乎打开有问题，求助请私信,63fda86efb0e9bc80fb6914b1599f080,喻忘忧,Hemerocallis-Yu
41,5,2962,共享有车生活平台（原PP租车）丨爱车，爱分享,23a2478d53c53c0edfbc5dad9b3e58ac,START,pp-zu-che
0,0,91,,768a63f10426d61620f927e92a87e732,李凌,derkuci
211,2,15588,手持画笔的追梦人,1af1a8f4d2f7ea9bcb3e5e222d864d7d,安李,an-li-90-62
113,6,24143,美术狗（狸？），NYU Game Center ，充满少女心的女汉子。,858e9c2c477844f0abf5faee3d232690,Lea Liu,lea-liu-23
136,44,17084,人工智能仁波切 区块链散仙,eef16ca7df4d4cb380f5f6ae41eefe84,严肃,svjoke
1607,142,118315,公众号：“呵呵的小书屋”，谈谈经济金融，聊聊过去未来,87a3b6e08f65f7edaa1ad76f5611bc1c,呵呵,he-he-89-32-63
160,16,6650,APP运营推广加油站——学运营推广，上鸟哥笔记！,d7130da2633bab02537197c6ef31a411,鸟哥,niaogebiji
185,0,14099,OK,61cbbe747cfa52be1103149b036ac5f1,猪铁,zhu-tie
15,0,13323,理想主义，以行践言,806d3739cc4f16dbd1eb605c57b4ba74,小可爱Bart,iLiuBart
48,0,753,怪鸡夫妻档，乌托邦梦想家，星球大战中文网副站长,9d311841e78d919f5fa37872fef41776,外星蘑菇,wai-xing-mo-gu
7,0,117,,eb99b3556735dd3dad4e56d2b86fe939,瓷小盘,zhaoxundoc
5,0,113845,中国著名社会学家,3f90015640e5f1b344b3c6c9349f8b47,李银河,li-yin-he-25
0,124,7200,,4434a939be61889d11d31a266719e6d6,国际红色通讯,rednews
74,8,1915,TapTap创始人,64bacf1ebf0b34820d52bfe948cf31b4,张乾,zkyo
229,29,58733,订阅号：mutongyumu | 一个深刻的家具设计师 |,d8818949039c0b1c94544c832f053098,叶清波,yeqingbo
1092,79,10907,铁道运输/WRC/单车XC,acbc7836fea7fdc4991d3753c128203f,王兆洋,wang-zhao-yang-20
136,13,60152,一个有趣的灵魂.,17b5a5ffc662df96a037fa88c975e4f6,token胡依林,tokenhu
36,3,13460,草莓味的十七岁少女/2018年6月见,46e0540d0d396fd532ac8489e1d1d8fd,刘梓珊,liu-zi-shan-80
131,0,1955,斯坦福PhD在读,90a306bd64493c0d4b4985db8609a875,Palo Alto,paloalto
9,11,1967,"Le vent se lève, il faut tenter de vivre",5386de5f8f3beed6e30f82e44c5d485a,花花,BIGBALLON
4,21,821,CV、ML、DL,68ea1d45cd8c1b932e194c949c6d1941,xiaozhi,xiaozhi-22-4
23,0,1663,每天考虑人生三大问题： 早上吃什么， 中午吃什么， 晚上吃什么.,567210c8dc4a7d8ab318d900dd13e358,Alan Huang,alan-huang
9,0,128,计算机视觉,bca8548ac82f645269b5626da58e99d9,程萝卜,roboman
300,92,169653,黑客猥琐流派系,afea1df0fc2b1fd51e9ca04d8b166f80,余弦,evilcos
4,0,3,很想认识你,6f165314afcc843991dfbdd30c878b81,罗苏莹,luo-su-rong-17
8,54,58927,「女神进化论」时尚编辑 / 技术型时尚妞儿,b09a4190dc9b036c57afbfee188552cc,喜多萌,xi-duo-meng
0,0,84,,a437331e7d492d60d4c5170c40908a4c,小透明,lyh6ep
0,0,2,There is no new life. Life carries on.,33bffe8b2afacdc70adf0ef87c021138,张吉诃德,zhang-ji-he-de
0,0,5,人无远虑，必有近忧。,5015a4b4b465f03d675a3a64b3f3ef90,Baldwin,iyao-yao-yao
3,0,4919,电影导演,5baf09c62cb2a981fbed1b93c6ef30c4,王一淳,wang-yi-chun-81-1
26,36,19763,我在中国的博物馆，等待你探索历史的热忱之心。,43808e32c6c80a5fc78ae1ebdc6d26e6,王牌讲解员,wang-pai-jiang-jie-yuan
1,67,865,我们提供最有趣的能源内参。,04c22095175d226151d18f89f3673a57,财新无所不能,cai-xin-wu-suo-bu-neng
6,122,7552,陪你们研究机器学习,22fae95269adbac975ec814e78eeb6e2,量子学园,qbitai
120,0,72,脑中玄机用不尽，统辖文武半边天,7a4fa92c99586d58e42a2affbeaa9af0,月才子,sun-chen-10-21
164,7,4594,不再回答专业领域的问题,e55f9bf1f7cff4571aada0f17a08ab8b,齐遨,aqua16
45,4,15564,每天都要为自己鼓掌,ef6eb003d408981a8909b06c1b98b203,昭公子,gentlemanzhao
130,10,17403,北京电影学院／我风华正茂，你也刚刚好／愿永不失少年气,f6c09944d99aaec0abd23ff3e0f516a5,小鲸泱君,zheng-fu-61-41
0,0,2,,15aedc5d8693744e985b205fb1607655,你猜啊,xu-zhuo-qun-32
3,0,292,三年不写代码QAQ,b0622bb9495ac30e0fe0ea66d7dd5d93,刘启鹏,liuqipeng
3,0,3,点点点,ebe4cfcd8d751629b18e59c41e1d16f4,王思江,wang-si-jiang
256,3,4456,证券公司投资经理,96b9632f52b88d4d3fac4af3a37e4de6,多帝,investor-08
844,48,342686,VC／播客主播／前知乎工程师,0d81a29a497b91e0f374ae0508de779d,Rio,rio
26,17,165392,哪里有运动，哪里就是你的自由运动场，自律给我自由。,b8376da6d812da2d81c8e4a4dba04335,Keep,keep-13-17
67,20,20180,Power / Energy,fc4829be44e9c2e29a741eb29db3dbd9,严同-PowerChina,yan-tong-70
49,11,11645,"""The true wisdom is in knowing you know nothing.""",f3b599f0ed83fb341169d823d8c1ad04,Kevin Zhang,Kevin_Lingxi_Zhang
39,0,643,人工智障 深度瞎学,b141348a24e07f2367cf1b33f9b7c2b4,王买买提,loafer-527
837,2,9155,软件工程师,e90f6efea7193e51f49f55ac1394a9cd,用心阁,yongxinge
149,164,659667,150万女生关注的微信公众号：女神进化论,a9767cdbcc0404778bbb0e6ddeab0eba,寺主人,sizhuren
101,119,128629,艺术经纪人；专栏《不艺术不幸福》；微信公众号：artalkweng,89f81801990193dcf8d95677d6fe9f18,翁昕,weng-xin-79
5,0,370,锦佰安信息技术有限公司CEO,76e8db1122442de22606f91f6e64360f,风宁,feng-zhu-8-85
6,0,396,,7512f0663e458316ed0fea4e09db12e0,陈奕雍,chen-yi-yong-89
94,0,17023,海鲜生物学，数理化生全能小学生，装的了正经，扯得了淡。,c69649f55ed88879ebdf3a0b0ffd44a4,王企鹅,wang-yi-wei-89
145,36,6543,,f1855b810849629b990d2c66975e9c56,透明流动虚无,guangli-liu
986,103,451084,已注销,2b81947c2821e9d2f47907a51b15e6f8,用户不存在,e-miao-de-nai-ba
4,0,47,^_^,4a01c4f020789ab45656625b6c27eb11,张一凡,wuciren231
172,0,1226,比喻会掩盖最核心的东西,78eb17c2af04f5d480bf77421d7f3bf0,张又任,zhang-you-ren
105,0,2923,不喧哗 自有声,951689c64a9a8d91b8cdc5ce2ebdc974,夏言,xia-yan-91-97
83,63,29049,《PPT炼成记》作者，微信号：曹将。,ca0ab0cff4c82f605eda6484bbe6b0bc,曹将,cao-jiang-50
11,17,268,对冲基金 / AI / 知乎专栏：数据驱动投资,e6101fec5964b2e3ebcabb2ae48889bc,李老,li-shu-cheng-9
14,26,12249,让研究创造价值，为信任奉献回报！,921ef07746ec9383af25f01455ecfdb2,华夏基金,hua-xia-ji-jin
24,0,168,被zhihu回档了,2a42d526e59054a0f5eb49dc7ffdbafa,王佳明,zhihuexin
6,0,46,智能芯片，fpga+dl,cd735d5017be3893478b6b188a0b2c12,超人,chao-ren-35-76
27,5,31963,微信公众号『江南词器厂』 ,aa212adfe45008a17c7059265dca212d,Frank Huang,matrix-frank
108,2,78465,我已不在彩虹，彩虹在我。,4868a5f33d3190e7d2cb9f764e2299ff,朱聿欣,zhu-yu-xin-80
14,54,14002,经济学教授，职业读书人，微信公号“铭心而论”,52b169229caf1ad1de1f0aa4627f9b2a,陆铭,lu-ming-21-35
27,1,409,Precisely Right.,a69757fe36a3bb3ea1cec52b69581890,TUV莱茵,tuvlai-yin
105,131,1207,文字有关,01f6fc93b8025a37c4d65056054ab5c1,何心秋,he-xin-qiu-73
8,19,549,连接 :: 创新｜Connect :: Innovate,cc48e1049cae2ee908357807f7247a40,乐鑫 Espressif,le-xin-espressif
2,0,1532,I know that I know nothing,fd64f55c774d01fbfa363af1e97c6964,Da Huang,dahua.cn
11,0,865,谷歌翻译,a373d69c184a5a6073db2902842638ca,高勤,gao-qin-translate
163,0,15844,,bb2ca9a33016363455cf17703a686132,尹梓贻,yin-zi-yi-52
349,5,107697,主业装疯卖萌，副业倒卖国债,3bb3fb6314bc29d7fb9a42977f910129,尹小二,yin-xiao-er
24,0,23,移动互联网产品经理，业余设计师。,8dd100b907c15a7b057323a046e9d22b,罗杰,luo-jie-60
328,7,5638,,220ef54a8cb9b343323184b247b0deb3,狄客天行,zhi-jian-qing-wu
55,3,6167,坐标伦敦,5d139c005a5c00d46b1113c0bf553052,风好大我听不见,xu-xiao-tian-42
275,10,11130,百合党中央委员会,915b10ea8d69dc80e08b4ef126b92720,姜委员长,baihedang
513,6,2255,贵族只取决于血统，而非行为/政治立场：混乱,593df6a9a4cafff9c74cac8b55119f87,烦恼风,MuyiO
167,0,3789,房地产投资从业者，情感咨询师兼业余媒婆,081c127e207f1b19ab023b90a80ba478,吕嘉仪,lu-jia-yi-11
0,0,1300,,f73c731f68437d2b580ae6b07211ddd7,原帖已删,shao-ya-lei-9
14,0,961,高中雅思裸考过/北语中文系在读/探索辩手人生/文学电影音乐剧/立志成为戏剧青年,1feacdfd1d6fa0064f20cd525162c46e,於文漪,yu-wen-yi-19
162,10,28005,你也应该义无反顾 奔向自己的人生,bf43e7f6496d4987147a7bfd7597f18a,淺野早苗,sara233
160,0,82,职业程序员 业余历史爱好者 对农业有兴趣 文科 单身狗公,2ffde94eb1d60863e19fd2442ea84477,超级甪户,yy-xx-5
0,0,8,,decf532f9eae0667928821c172a0750b,马荣发,zhu-da-chang-28
0,0,9,,6f263929891301fdb98c2b256471de29,Stanza,stanzaw
8,0,9,,ffc087eed29f318dbcb4153f0a07eae4,echovoice,narutozyr
5,0,5,做实事，讲真话。,c980e4d0cf0a817a8532b36987be4de2,快到飞起来,kuai-dao-fei-qi-lai
647,28,40033,各类提醒已关，不要期待回复。,37e9938e5444bde972ff6db36be440b1,罗心澄,nuclearcarrot
1,0,13306,松紧琴歌手,ba9f66f0e774d06b4a9e719465818c85,张玮玮,zhang-wei-wei-51-53
5,0,87,爱好算法，python，还有互联网,df9701f770f129e4164a68a323d51432,小明,frankyym
44,0,74,人生是一场修行,d32ba3dcb176a7a231744da6b0cd7d4d,洗洗睡吧,xi-xi-shui-ba-22
113,0,207,总是愿意去了解,a61a280c78123369c82df56a31c457d2,Andrea Pei,qu-dao-shui-a
25,0,634,哔哩哔哩UP主「还有一天就放假了」,6962e7b135b7b4f58c92afe57ca7392b,圣地亚哥放假君,sheng-di-ya-ge-fang-jia-jun
80,20,1347,有创造性的生活就是好的生活,0205223dc568039143bf5ba8b2027bcd,青山遥也,lu-shan-shi
1847,65,13262,他们的刀剑会在我们的面前折断,08fe9c1b9c02211fce23bc031b108c53,树大师,nian-que-yi
187,42,2705,坚决拥护党中央,a5f1f51807b53fa34893267f54c70377,Erkinjan艾尔肯江,Erkinjan
78,9,6809,擅长最冷门的技能,9146147348f30ec07dd393dcba1d0cb2,谭天成,tianchengtam
59,2,533,,aa323ae71d93f7950a9ba238b7079466,安戈瑞,asaka
51,0,155,美术学院劝退协会执行主席,d76218c86aa777dba039960054dbab18,张无用,shalott-kaz
0,0,1471,基本告别知乎,b735e33e2aa1a30997c3cb5a316e4c97,osikubi,osikubi
1,0,4820,暴走漫画CEO,b7e93db76f358856663f2f8c293884d5,任剑,baozourenjian
151,2,26832,十色主编，高潮制造机。微信公众账号shiseguan，个人号：saosersm,9aa71f8d6ac76ddb5a7d4cab5d5cac8a,十色骚士,saoser
1356,0,33030,藤校，墙街，商硕，法博。,1438558cbaa18ee0a310ff9057ed8c2f,Wallst Bear,wallst-bear
471,0,21849,关爱巨婴,abbd7ad78fb7f79d8cdb83e51096d488,春风,liu-wei-heng-83
0,21,62,,6b668c88860186130ff8d24f2b68b488,上海沃雪影视,woxueyingshi
14,0,12329,随想家,36aad03613a348741aa906066ea209b4,李森达,li-sen-da
30,22,460,我的知乎一定是单机版,14493cb3f4f6e3a7af5da8ecadba51ae,飞向未来,flytofuture
48,11,42334,努力的阅读更多书，学习更多资料，让自己能发表出更有内容的文章,458ade292524fec7514fc449d5d787e6,及川健一,ji-chuan-jian-yi
54,0,1003,说句心里话，我也不傻,edd0e3147c9afded35390e7ff48c7207,MartinLoserKing,martin_loser_king
7,180,10083,微信公众号：动漫N次番，各色动漫感想分享，欢迎来撩 (/ω＼),70527ef36a5c1d65b354debbf04329eb,动漫N次番,dmncifan
80,0,1267,,df56611edfe477ef446f92ed6cccc8e8,Rolleima,rolleima
52,6,7024,金融爱好者，投资爱好者，历史人性探究者,f28638072bee71439361225f8dcfd6fd,孤鸿栖岸,gu-hong-qi-an
10,0,2137,山外有山，我外无我,bd1130970385ee48b424f238c2e521e2,支吾者也,iamzhiwu
28,18,793,法律 北京 律师 互联网,b1741a543fc4664090b157cd6bfb9710,冲虚,chongxu
14,0,2310,,b60f3b0dfca67de1b41408f93dee4958,翁铭洋,weng-ming-yang
80,0,1341,INTP,0bb39b026ce710c6db8a4b4371ea4d1a,筝弦 Cochan,zheng-xian-cochan
12,0,427,專門研究北方少數民族史，有志同道合的朋友要加關注喲。,b5f68ebd9eccebe402398703157e369b,乞顏梅林,qi-yan-mei-lin
45,85,4140,绘本画家,c6e1c9ff1ce09059b63ba3e936f771e0,瞿澜,lanzi2
7,8,406,UM151脑残粉,c67e3fda514286347b0879721ea85ea8,Exista,Exista
174,34,28680,等这颗枯木生花，我就摘下来送你。（@吞茶嚼花）,58a7556345ca0d391cd26319afcfe09b,夜溟,ye-ming-l7
470,44,79077,,52d859fe2edb2f0ab9067483cf6f3ef3,沈一冰,shen-yibing
1,2,259,,30d34124b4438f62cdd523a82419c287,崔岩,cui-yan-77-78
218,0,40117,新松恨不高千尺，恶竹应须斩万竿,45e560093ab8ed60f3b003f26cca8594,银闪,yin-shan-75
132,4,746,擅长处理大龄倒读、有拒签史、留学移民长线规划、疑难案例,37c1749a21c479ddc989888570d69b41,温村小伙伴儿,frank-96-5-89
4,0,9,,7fd8306a4a346b26688f9bc170afb07f,Benny,benny-612
101,55,13754,三观偏差太大的请别评论，我也没求你不是？,d842a97ae83c74a90ba1303d3487c1fa,朱老板,mlikeasong
234,0,1990,摩托车环中国环台湾环美国《像恐龙一样不停奔跑》摩旅日记热卖中,a9e8020ab8915ddd582d358578d25a8b,龙兄,coolkfj
225,6,30638,处女座♍ gap year,5ef8b2debf9aaed301292de2fbe3e54a,羽小团,xiao-yu-bao-er
2,0,370,导演  混录师 作曲,80a6a72725c104f487ebb8e6a112a727,德格才让,degecairang
12,124,9554,自由撰稿人/最爱吃的背包客/米其林,f7c0d99a267d35c207b9f45e2eed1a68,叶酱的孤独星球,anjingymm1017
0,0,79,,7b544d8149406798dfc3573ecdbe0df3,陈陈陈,chenchenchen-71
101,18,10401,红楼隔雨相望冷 珠箔飘灯独自归,61f053c3d4841ee77b24041f603ea97a,Yan Zou,yan-zou-34
0,0,3,即将失学的儿童。,082b3ebd7f42b0683ee42ecf9f912bdb,好风如水,qian-bai-3
1,0,19,缺电玩意,2b725dbb04c8e852e023eebba025f7d3,王瀛琦,wang-ying-qi-13
1,0,2156,写现代诗的诗人，黑龙江大学源诗社教主,7ead843091e558ebc5bd9d14f076a376,胡了了,hu-dao-yi-86
31,0,111,所有回答均由无限猴子自动生成,60681a2cd31018c3c5c089e85ef9bd08,Li2CO3,qiu-yan-zhe-14
28,0,1686,叫我小丸子医生～,f80f6f6b28f1f02ab5a5417a0b912865,小丸子,an-mian-huan-jue
319,6,9097,“婊”气十足 超爱dota2,69e4cc96d4bf8cfe13b973648f10bf69,朱颜,zhu-yan-11-22
41,18,10587,反正是余生，权当玩耍。,19f8c3220329249f221948add770e20a,阿虚,a-xu-6
69,0,973,医疗,bf18d60eb89d42aed276287d76238582,Amber,tang-xiao-miao-96-70
92,0,25018,PM AI PKU Todai 公众号：搬砖引玉（谈谈那些真正重要的事情）,7ec145de7063094f1748c1bec39b7aa0,曾旻,zengmin
29,0,2083,ISTJ/港漂/Commercial Banking,5890e1d4b60eabfbe6e8e31918fb391d,雨丝儿,yu-si-er-66
18,0,35603,投资银行家，没事儿除了玩车就是读书,05e98798a957f9912ac33c155c64afb6,神胖胖,shenpp
447,466,3831,和主力一样思考！郑重申明：不解票带盘，无任何交流群与指导私信，认准正宗，谨防假冒,4c0df115ca194bb0883244e2d827b78b,资本逻辑学,zibenluojixue
43,0,13776,雅思问题用“值乎”问，17留学问题堆积……你们不嫌慢就行。,6db97b217c3e20c1bd4536dd9a4ecd99,刘季陶,liu-ji-tao-65
97,46,19099,“可不是么……”,5dbab9d4f6ebb2885db6c027ecde9e49,陈舒璇,maomi-10-06
201,0,14663,微博sina_杨昱，知乎收藏夹——微表情，心理学欢迎关注,0c6582b3c101fd0c4c2f7b846efa1d7c,杨昱,yang-yu-80
105,8,583,dram ♥ Bad Apple!!,510c8b17a63363f80da934ff7af10cea,dram,dramforever
0,0,12,小愤青儿,3765ef27eaedd5ffe9706f51e970cb7f,呆鲟,dong-xin-yan-35
94,7,458,计算理论/喜欢数学和猫/傻/基督徒,227e57c145de0a765b63cbe89efaad5c,好地方bug,hao-di-fang-bug
20,0,166,喜欢动漫爱打篮球的阳光宅,ba42320ea7c1bb75ad8a00ddd05da7be,闵二二,min-xiang-zhen-53
81,117,36449,爱生活、爱健身、爱寿司,deee7feaa399086a88a1358d8aba4ccf,田川,tim57414473
2339,1,19250,麻醉医生，自行车爱好者及业余车队队医，业余射准反曲爱好者。,26e466fa5052d73a34ad47996c2a5058,谢黄瑞,xie-huang-rui
20,0,511,,0df7be435808e7647a0e8e3b44dcfc7c,刘志权,liuzhiquan
3,0,224,趣点公司CEO和创始人 专业领域：战略 运营 人力 产品 用户体验 忽悠 兴趣爱好：滑水，滑雪，高尔夫，旅游，读书，创业,25c5dd19de054d73842cb08fc89d90b3,杨毓杰Jack,yujieyang
5,0,708,Orvibo CEO产品经理,8610387b9482be437e4f7cc88943fb52,王雄辉,wang-xiong-hui-15
664,0,4934,不想当学生的老师不是好摄影师！,dda5b6adcff107f40592631bf48cee11,吴联辉,wwd-6
61,11,5685,告诉小朋友，会说两门外语就能飞,160af2dd42113e671acee5351c41a37d,思思妈妈,si-si-ma-ma-79
10,0,662,爱旅行/三次元伪娘,28fcd00fb61f490e631b51e6aca85609,little凝,little-ning
7,0,16,青箬笠，绿蓑衣，斜风细雨不须归,e29474f2f3a4735fc3790abb58fe5ab5,王青兰,lionwang2013
166,1,4412,社达狗都是被社会艹得少了,28218f95bbac18844386b373e43bdc13,小桥流水ENBM,xiao-qiao-liu-shui-enbm
144,9,1179,有点可爱的AFOIer/没有技术的技术宅,ea0ab6a59e9a8224983ef7fdf61ac229,张一钊,zhang-yizhao-83
19,40,1040,風與光的君王。,c186e134b33e81a806a839f56b7f79d3,沈恕溟,chen-xun-5-25
48,73,10794,期权交易员｜公众号：PureDelta,4fafc004d59642e2e32a4cebd6cef6b8,冼尼玛 San LeiMa,SanLeiMa
25,13,8344,借汝之光，得见光明,f12f3391ac7357ddb9b62b11a5d45db2,李嘉晖,jiahuilichem
42,7,16525,一世傲娇,342e070846b5716a621c7e2e3c9b2d30,团鼠,tuan-shu
83,1,2845,"no pain, no game",bba36a921556eae69e52360a428be09a,Koromo,koromo
719,18,48035,面相，读书。微信公众号：熊群,267549bb6b3841f54dd10e67cc2bb125,熊群,qunyong
0,0,2,,9fb4bd0f81aa98debec77f4f28725e1d,曾小么,ceng-xiao-yao-35
166,1259,6236,@深圳湾,73aad53853157974535dcc8592d2f3d6,炫姐姐,shiningxyy
5,3,21,,24ede130d2595cee96115d085c0ca674,严肃的胖纸,wang-po-46
3,0,226,科通芯城市场营销副总裁,a877cb22186a3bdbfbaa67335c969841,刘宏蛟,liu-hong-jiao-52
277,0,4436,蒼翠暖雲煙。蜩鳴大路間。,f07e4ca4ccdf204ea7b0b0195412f355,李從墨,congmo
182,23,141606,电子游戏 / 影碟爱好者,5874b9fc2c79879886cc9caaa2aa1492,windleavez,windleavez
0,0,1168,「また逢えましょう」,ece2aeabc3c0c7d31f0403279aa107c1,梁澍,cestra
49,0,140,海外狗，曾经的鄙视链最底层医生,63a9f596d74df2013a5d482a7e708d4e,可来得慢,liu-wei-18-21-20
127,6,1889,重度死心眼患者，一根筋癌症晚期。,9f9f98744852d8e6f70ff0a4f75882ab,韩博昭,NickZhao06_42195
113,12,105457,“没力气”,b654d3c9035905c86820e862d1139c59,秋石,qiushi-16
167,0,3549,网吧混混,f6830c40bc62a076deb43a4dfb6faabb,菩提风,pu-ti-feng-83
5,0,3,,db5b4c4c9def9f15f976a6d0f51a9bb4,王左右,wang-zuo-you-59
101,0,2603,互联网产品&amp;运营&amp;FA/理科女,66bde8f16f7a5db02e2e360be5c433f8,兔小懒,tu-xiao-lan
23,0,188,教育学研究生 经济学本科生,a40fa8ac5fbd3f6940fd2d791561e34d,Ellenthecat,wang-an-lun
8,8,1900,,4544cb82819db42363af603c7b0fbe92,段浩然,duan-hao-ran-52
196,4,19421,实践是理想主义者的末路,eb1fd101faac67211540f7f366a12c89,青木优梨子w,cao-zhi-chen-86
27,4,69409,自2017.6.7 退乎一年（基本不写文章和回答了）,533935975ed88f3819e72696845068ff,edmond,mount_cristo
94,21,2910,《这里有ISPN/RN的一切，护士都应该关注》专栏作者,26f55d239a96dc95af92d50802b4611d,添翼leo老师,ispn
51,0,493,,fe0cd8a2943a4e4c6b6a468063a42234,齐丙阳,qi-bing-yang-55
174,12,10980,公众号：林屋读书，《先秦古国志》作者,121b9970625a84d7ad8d35bd4e97de71,林屋公子,linwugongzi
211,7,25042,炮塔越多越革命！,4c6d2b36ac5bfae09416917e8e57665b,杨爱红,yang-ai-hong-46
609,1,286,拜呆毛教教徒，尽量不撕逼了。,2d78f3b022f39292145d1438ad77620e,可怕喵,kpcat
0,0,25888,霁月难逢 彩云易散,93d3d3ccefe38a91d710db959b82dc85,陈雨桐,chenyutong123
346,0,1358,"学翻译，没爱好，没干货，善尬玩。
（意见不同，不必争论。）",386b4b0bcb2d201813ae8bca785dc244,NOTA,yang-nian-n
315,0,1343,拒信：1919/114514,3f7b68badda2de9148ca2768696cf0c5,莫宇尘,mo-yu-chen-46
177,3,2224,白芷 味辛 气味无毒，其香气烈，亦芳草也,f32f3114e61b8b5378befc08b8623d3d,Angelica,onyxbaizhi
96,0,170,克莱登大学首席炼金术士,1b3b7f5d025eaa81153b89319608fac2,雨霖铃,zhuan-peng-30
37,0,16622,关键是不仅人漂亮 性格还好,a074f2bee7dea6cf2a689b6aefd70242,另一个21,zhang-dan-feng-75-54
1,0,354,求offer / Deep Learning / Segmentation,7ffd1da77383a89b6ce2849c759d4f3d,GY Zhong,gy-zhong
35,5,1138,Contributor to the world.,2fe7890562ecdbf5998ce5a6c0a1ba08,tobe,tobegit3hub
108,8,10316,深度服务于内容创作者,1593d30660a696f400a54ceea3da3f6c,张然,zhang-ran-0524
35,3,624,,d18105475372c9e3b81b0fb4faee1545,你家老黄,huangzhenyu
35,42,71742,Facebook人工智能研究院研究员/研究经理，卡耐基梅隆大学机器人系博士,9819f6938be0d3bb133ad0151eefd188,田渊栋,tian-yuan-dong
